0,13:16:40.237120934,-82.50,,1,,40.7887947,-8.6718195
1,13:16:40.288095397,-82.50,,2,,40.7887947,-8.6718195
2,13:16:40.328722619,0.00,,3,,40.7887947,-8.6718195
3,13:16:40.338990989,-82.50,,,,40.7887947,-8.6718195
4,13:16:40.379522082,-82.50,,4,,40.7887947,-8.6718195
5,13:16:40.430174989,-82.00,,5,,40.7887947,-8.6718195
6,13:16:40.480852656,-82.00,,6,,40.7887947,-8.6718195
7,13:16:40.531482045,-82.00,,7,,40.7887947,-8.6718195
8,13:16:40.582132600,-82.50,,8,,40.7887947,-8.6718195
9,13:16:40.632759822,-82.50,,9,,40.7887947,-8.6718195
10,13:16:40.683378989,-82.50,,10,,40.7887947,-8.6718195
11,13:16:40.734118008,-82.50,,11,,40.7887947,-8.6718195
12,13:16:40.784807693,-82.50,,12,,40.7887947,-8.6718195
13,13:16:40.835449267,-82.00,,13,,40.7887947,-8.6718195
14,13:16:40.886092322,-82.50,,14,,40.7887947,-8.6718195
15,13:16:40.936728341,-82.50,,15,,40.7887947,-8.6718195
16,13:16:40.987540952,-82.50,,16,,40.7887947,-8.6718195
17,13:16:40.38312081,-82.50,,17,,40.7887947,-8.6718195
18,13:16:40.89064915,-82.50,,18,,40.7887947,-8.6718195
19,13:16:40.139923674,-82.00,,19,,40.7887947,-8.6718195
20,13:16:40.190756896,-82.00,,20,,40.7887947,-8.6718195
21,13:16:41.241673118,-82.00,,21,,40.7887947,-8.6718195
22,13:16:41.292469341,-82.50,,22,,40.7887947,-8.6718195
23,13:16:41.343260655,-82.50,,23,,40.7887947,-8.6718195
24,13:16:41.394049266,-82.50,,24,,40.7887947,-8.6718195
25,13:16:41.444799692,-82.50,,25,,40.7887947,-8.6718195
26,13:16:41.495551489,0.00,,26,,40.7887947,-8.6718195
27,13:16:41.536088081,-82.00,,,,40.7887947,-8.6718195
28,13:16:41.546586026,-82.50,,27,,40.7887947,-8.6718195
29,13:16:41.597373655,-82.50,,28,,40.7887947,-8.6718195
30,13:16:41.648155155,-82.50,,29,,40.7887947,-8.6718195
31,13:16:41.699029063,-82.50,,30,,40.7887947,-8.6718195
32,13:16:41.749993618,-82.50,,31,,40.7887947,-8.6718195
33,13:16:41.800698914,-82.50,,32,,40.7887947,-8.6718195
34,13:16:41.851491303,-82.50,,33,,40.7887947,-8.6718195
35,13:16:41.902326414,-82.50,,34,,40.7887947,-8.6718195
36,13:16:41.953103025,-82.00,,35,,40.7887947,-8.6718195
37,13:16:41.3902581,-82.00,,36,,40.7887947,-8.6718195
38,13:16:41.54669599,-82.00,,37,,40.7887947,-8.6718195
39,13:16:41.105402785,-82.50,,38,,40.7887947,-8.6718195
40,13:16:41.156225136,-82.50,,39,,40.7887947,-8.6718195
41,13:16:41.206991896,-82.50,,40,,40.7887947,-8.6718195
42,13:16:42.257756525,-82.50,,41,,40.7887947,-8.6718195
43,13:16:42.308477507,-82.50,,42,,40.7887947,-8.6718195
44,13:16:42.359258210,-82.00,,43,,40.7887947,-8.6718195
45,13:16:42.399866710,0.00,,44,,40.7887947,-8.6718195
46,13:16:42.410124192,-82.50,,,,40.7887947,-8.6718195
47,13:16:42.450649562,-82.50,,45,,40.7887947,-8.6718195
48,13:16:42.501291803,-82.50,,46,,40.7887947,-8.6718195
49,13:16:42.551914229,-82.50,,47,,40.7887947,-8.6718195
50,13:16:42.602582877,-82.50,,48,,40.7887947,-8.6718195
51,13:16:42.653195729,-82.50,,49,,40.7887947,-8.6718195
52,13:16:42.703808136,-82.50,,50,,40.7887947,-8.6718195
53,13:16:42.754520451,-82.50,,51,,40.7887947,-8.6718195
54,13:16:42.805145969,-82.50,,52,,40.7887947,-8.6718195
55,13:16:42.855751932,-82.50,,53,,40.7887947,-8.6718195
56,13:16:42.906357099,-82.50,,54,,40.7887947,-8.6718195
57,13:16:42.957050636,-82.00,,55,,40.7887947,-8.6718195
58,13:16:42.7794914,-82.00,,56,,40.7887947,-8.6718195
59,13:16:42.58799877,-82.50,,57,,40.7887947,-8.6718195
60,13:16:42.109518765,-82.50,,58,,40.7887947,-8.6718195
61,13:16:42.160394265,-82.50,,59,,40.7887947,-8.6718195
62,13:16:42.211393543,-82.50,,60,,40.7887947,-8.6718195
63,13:16:43.262365895,-82.50,,61,,40.7887947,-8.6718195
64,13:16:43.313199802,-82.00,,62,,40.7887947,-8.6718195
65,13:16:43.363947228,-82.00,,63,,40.7887947,-8.6718195
66,13:16:43.414810876,-82.00,,64,,40.7887947,-8.6718195
67,13:16:43.465741673,-82.00,,65,,40.7887947,-8.6718195
68,13:16:43.516555191,-82.00,,66,,40.7887947,-8.6718195
69,13:16:43.567341098,-82.50,,67,,40.7887947,-8.6718195
70,13:16:43.618129580,-82.50,,68,,40.7887947,-8.6718195
71,13:16:43.668883987,-82.00,,69,,40.7887947,-8.6718195
72,13:16:43.720722932,-82.50,,70,,40.7887947,-8.6718195
73,13:16:43.771656024,-82.50,,71,,40.7887947,-8.6718195
74,13:16:43.822380135,0.00,,72,,40.7887947,-8.6718195
75,13:16:43.862919283,-82.50,,,,40.7887947,-8.6718195
76,13:16:43.873316950,-82.00,,73,,40.7887947,-8.6718195
77,13:16:43.924107913,-82.00,,74,,40.7887947,-8.6718195
78,13:16:43.974892320,-82.50,,75,,40.7887947,-8.6718195
79,13:16:43.25795098,-82.00,,76,,40.7887947,-8.6718195
80,13:16:43.76585950,-82.00,,77,,40.7887947,-8.6718195
81,13:16:43.117156876,0.00,,78,,40.7887947,-8.6718195
82,13:16:43.127443931,-82.00,,,,40.7887947,-8.6718195
83,13:16:43.168242580,-82.50,,79,,40.7887947,-8.6718195
84,13:16:43.218914672,-82.00,,80,,40.7887947,-8.6718195
85,13:16:44.269573376,-82.50,,81,,40.7887947,-8.6718195
86,13:16:44.320191042,-82.00,,82,,40.7887947,-8.6718195
87,13:16:44.370808154,-82.00,,83,,40.7887947,-8.6718195
88,13:16:44.421413191,-82.00,,84,,40.7887947,-8.6718195
89,13:16:44.472051524,-82.00,,85,,40.7887947,-8.6718195
90,13:16:44.522703894,-82.50,,86,,40.7887947,-8.6718195
91,13:16:44.573339431,-82.00,,87,,40.7887947,-8.6718195
92,13:16:44.624112913,-82.00,,88,,40.7887947,-8.6718195
93,13:16:44.674836116,-82.00,,89,,40.7887947,-8.6718195
94,13:16:44.726477783,-82.00,,90,,40.7887947,-8.6718195
95,13:16:44.777297246,-82.00,,91,,40.7887947,-8.6718195
96,13:16:44.828073005,-82.00,,92,,40.7887947,-8.6718195
97,13:16:44.878801709,-82.00,,93,,40.7887947,-8.6718195
98,13:16:44.929516764,-82.00,,94,,40.7887947,-8.6718195
99,13:16:44.980307931,-82.00,,95,,40.7887947,-8.6718195
100,13:16:44.31102894,-82.00,,96,,40.7887947,-8.6718195
101,13:16:44.81838449,-82.00,,97,,40.7887947,-8.6718195
102,13:16:44.132608079,-82.00,,98,,40.7887947,-8.6718195
103,13:16:44.183434857,-82.00,,99,,40.7887947,-8.6718195
104,13:16:45.234226801,-82.00,,100,,40.7887947,-8.6718195
105,13:16:45.285004616,-82.00,,101,,40.7887947,-8.6718195
106,13:16:45.335721746,-82.00,,102,,40.7887947,-8.6718195
107,13:16:45.386496431,-82.00,,103,,40.7887947,-8.6718195
108,13:16:45.437249208,-82.00,,104,,40.7887947,-8.6718195
109,13:16:45.488038190,-82.00,,105,,40.7887947,-8.6718195
110,13:16:45.538790468,-82.00,,106,,40.7887947,-8.6718195
111,13:16:45.589547116,-82.00,,107,,40.7887947,-8.6718195
112,13:16:45.640308838,-82.50,,108,,40.7887947,-8.6718195
113,13:16:45.691055912,-82.50,,109,,40.7887947,-8.6718195
114,13:16:45.741908134,-82.00,,110,,40.7887947,-8.6718195
115,13:16:45.792705153,-82.00,,111,,40.7887947,-8.6718195
116,13:16:45.843417375,-82.00,,112,,40.7887947,-8.6718195
117,13:16:45.894206801,-82.00,,113,,40.7887947,-8.6718195
118,13:16:45.944932375,0.00,,114,,40.7887947,-8.6718195
119,13:16:45.985493949,-82.00,,,,40.7887947,-8.6718195
120,13:16:45.995854912,-82.00,,115,,40.7887947,-8.6718195
121,13:16:45.46645819,-82.00,,116,,40.7887947,-8.6718195
122,13:16:45.87193634,0.00,,117,,40.7887947,-8.6718195
123,13:16:45.87368134,-82.00,,,,40.7887947,-8.6718195
124,13:16:45.137958745,-82.50,,118,,40.7887947,-8.6718195
125,13:16:45.188644727,-82.00,,119,,40.7887947,-8.6718195
126,13:16:46.239347504,-82.00,,120,,40.7887947,-8.6718195
127,13:16:46.290091819,-82.00,,121,,40.7887947,-8.6718195
128,13:16:46.340789819,-82.00,,122,,40.7887947,-8.6718195
129,13:16:46.391477634,-82.00,,123,,40.7887947,-8.6718195
130,13:16:46.442163263,-82.00,,124,,40.7887947,-8.6718195
131,13:16:46.492847097,-82.00,,125,,40.7887947,-8.6718195
132,13:16:46.543570393,-82.00,,126,,40.7887947,-8.6718195
133,13:16:46.594380189,-82.00,,127,,40.7887947,-8.6718195
134,13:16:46.645158745,-82.00,,128,,40.7887947,-8.6718195
135,13:16:46.696233689,-82.50,,129,,40.7887947,-8.6718195
136,13:16:46.747215337,-82.50,,130,,40.7887947,-8.6718195
137,13:16:46.798008800,-82.50,,131,,40.7887947,-8.6718195
138,13:16:46.848715874,-82.50,,132,,40.7887947,-8.6718195
139,13:16:46.899451504,-82.00,,133,,40.7887947,-8.6718195
140,13:16:46.950304782,-82.00,,134,,40.7887947,-8.6718195
141,13:16:46.1245893,-82.50,,135,,40.7887947,-8.6718195
142,13:16:46.52112670,-82.00,,136,,40.7887947,-8.6718195
143,13:16:46.103001541,-82.50,,137,,40.7887947,-8.6718195
144,13:16:46.153812726,0.00,,138,,40.7887947,-8.6718195
145,13:16:46.194406874,-82.50,,,,40.7887947,-8.6718195
146,13:16:46.204708226,0.00,,139,,40.7887947,-8.6718195
147,13:16:47.245259096,-82.50,,,,40.7887947,-8.6718195
148,13:16:47.255641763,-82.50,,140,,40.7887947,-8.6718195
149,13:16:47.306419615,-82.00,,141,,40.7887947,-8.6718195
150,13:16:47.357160892,-82.00,,142,,40.7887947,-8.6718195
151,13:16:47.407901096,-82.00,,143,,40.7887947,-8.6718195
152,13:16:47.458687559,-82.00,,144,,40.7887947,-8.6718195
153,13:16:47.509423633,-82.00,,145,,40.7887947,-8.6718195
154,13:16:47.560185189,-82.00,,146,,40.7887947,-8.6718195
155,13:16:47.610969633,-82.50,,147,,40.7887947,-8.6718195
156,13:16:47.661719966,-82.50,,148,,40.7887947,-8.6718195
157,13:16:47.712528503,-82.50,,149,,40.7887947,-8.6718195
158,13:16:47.763360744,-82.50,,150,,40.7887947,-8.6718195
159,13:16:47.814261040,-82.00,,151,,40.7887947,-8.6718195
160,13:16:47.854882077,0.00,,152,,40.7887947,-8.6718195
161,13:16:47.865140429,-82.00,,,,40.7887947,-8.6718195
162,13:16:47.905665726,-82.00,,153,,40.7887947,-8.6718195
163,13:16:47.956379170,-82.00,,154,,40.7887947,-8.6718195
164,13:16:47.7110725,-82.50,,155,,40.7887947,-8.6718195
165,13:16:47.57880799,-82.00,,156,,40.7887947,-8.6718195
166,13:16:47.108577707,-82.50,,157,,40.7887947,-8.6718195
167,13:16:47.159261855,-82.50,,158,,40.7887947,-8.6718195
168,13:16:47.210035262,-82.50,,159,,40.7887947,-8.6718195
169,13:16:48.260728485,-82.00,,160,,40.7887947,-8.6718195
170,13:16:48.311521762,-82.50,,161,,40.7887947,-8.6718195
171,13:16:48.362640299,-82.00,,162,,40.7887947,-8.6718195
172,13:16:48.413466040,-82.50,,163,,40.7887947,-8.6718195
173,13:16:48.464199133,-82.50,,164,,40.7887947,-8.6718195
174,13:16:48.514983947,-82.50,,165,,40.7887947,-8.6718195
175,13:16:48.565775873,-82.50,,166,,40.7887947,-8.6718195
176,13:16:48.616542170,-82.50,,167,,40.7887947,-8.6718195
177,13:16:48.667247447,-82.50,,168,,40.7887947,-8.6718195
178,13:16:48.718206577,-82.50,,169,,40.7887947,-8.6718195
179,13:16:48.769110855,-82.50,,170,,40.7887947,-8.6718195
180,13:16:48.820055910,-82.50,,171,,40.7887947,-8.6718195
181,13:16:48.870818595,-82.50,,172,,40.7887947,-8.6718195
182,13:16:48.921613966,-82.50,,173,,40.7887947,-8.6718195
183,13:16:48.972436299,-82.50,,174,,40.7887947,-8.6718195
184,13:16:48.23192206,-82.50,,175,,40.7887947,-8.6718195
185,13:16:48.74003040,-82.00,,176,,40.7887947,-8.6718195
186,13:16:48.124751151,-82.50,,177,,40.7887947,-8.6718195
187,13:16:48.175563095,-82.50,,178,,40.7887947,-8.6718195
188,13:16:49.226342502,-82.00,,179,,40.7887947,-8.6718195
189,13:16:49.277149002,-82.00,,180,,40.7887947,-8.6718195
190,13:16:49.328088410,-82.00,,181,,40.7887947,-8.6718195
191,13:16:49.378882632,-82.00,,182,,40.7887947,-8.6718195
192,13:16:49.429617651,-82.00,,183,,40.7887947,-8.6718195
193,13:16:49.480356336,-82.00,,184,,40.7887947,-8.6718195
194,13:16:49.531116243,-82.50,,185,,40.7887947,-8.6718195
195,13:16:49.581935687,-82.50,,186,,40.7887947,-8.6718195
196,13:16:49.632680410,-82.50,,187,,40.7887947,-8.6718195
197,13:16:49.673244743,0.00,,188,,40.7887947,-8.6718195
198,13:16:49.683538521,-82.50,,,,40.7887947,-8.6718195
199,13:16:49.724173632,-82.50,,189,,40.7887947,-8.6718195
200,13:16:49.774896280,-82.00,,190,,40.7887947,-8.6718195
201,13:16:49.825665798,-82.50,,191,,40.7887947,-8.6718195
202,13:16:49.876268539,-82.50,,192,,40.7887947,-8.6718195
203,13:16:49.926879872,-82.00,,193,,40.7887947,-8.6718195
204,13:16:49.977520539,-82.00,,194,,40.7887947,-8.6718195
205,13:16:49.28199095,-82.00,,195,,40.7887947,-8.6718195
206,13:16:49.78926706,-82.00,,196,,40.7887947,-8.6718195
207,13:16:49.129560983,-82.00,,197,,40.7887947,-8.6718195
208,13:16:49.180468854,-82.00,,198,,40.7887947,-8.6718195
209,13:16:50.231350243,-82.00,,199,,40.7887947,-8.6718195
210,13:16:50.282198594,-82.50,,200,,40.7887947,-8.6718195
211,13:16:50.333026650,-82.00,,201,,40.7887947,-8.6718195
212,13:16:50.383883298,-82.00,,202,,40.7887947,-8.6718195
213,13:16:50.434669317,-82.00,,203,,40.7887947,-8.6718195
214,13:16:50.485484446,-82.00,,204,,40.7887947,-8.6718195
215,13:16:50.536253076,-82.00,,205,,40.7887947,-8.6718195
216,13:16:50.587064520,-82.00,,206,,40.7887947,-8.6718195
217,13:16:50.637801168,-82.50,,207,,40.7887947,-8.6718195
218,13:16:50.688530187,-82.50,,208,,40.7887947,-8.6718195
219,13:16:50.739352798,-82.00,,209,,40.7887947,-8.6718195
220,13:16:50.790369446,-82.00,,210,,40.7887947,-8.6718195
221,13:16:50.841145261,-82.50,,211,,40.7887947,-8.6718195
222,13:16:50.891828890,-82.50,,212,,40.7887947,-8.6718195
223,13:16:50.942630205,-82.00,,213,,40.7887947,-8.6718195
224,13:16:50.993521946,-82.50,,214,,40.7887947,-8.6718195
225,13:16:50.44531038,-82.50,,215,,40.7887947,-8.6718195
226,13:16:50.95492168,-82.50,,216,,40.7887947,-8.6718195
227,13:16:50.146333687,-82.50,,217,,40.7887947,-8.6718195
228,13:16:50.197165261,-82.00,,218,,40.7887947,-8.6718195
229,13:16:51.248100261,-82.00,,219,,40.7887947,-8.6718195
230,13:16:51.298880390,-82.00,,220,,40.7887947,-8.6718195
231,13:16:51.349693835,-82.00,,221,,40.7887947,-8.6718195
232,13:16:51.400452557,-82.00,,222,,40.7887947,-8.6718195
233,13:16:51.441016890,0.00,,223,,40.7887947,-8.6718195
234,13:16:51.441259705,-82.50,,,,40.7887947,-8.6718195
235,13:16:51.491871649,-82.50,,224,,40.7887947,-8.6718195
236,13:16:51.542574909,-82.00,,225,,40.7887947,-8.6718195
237,13:16:51.593315686,-82.50,,226,,40.7887947,-8.6718195
238,13:16:51.643986631,-82.00,,227,,40.7887947,-8.6718195
239,13:16:51.694707797,-82.50,,228,,40.7887947,-8.6718195
240,13:16:51.745436112,-82.50,,229,,40.7887947,-8.6718195
241,13:16:51.796150668,-82.00,,230,,40.7887947,-8.6718195
242,13:16:51.846873871,-82.50,,231,,40.7887947,-8.6718195
243,13:16:51.897615612,-82.50,,232,,40.7887947,-8.6718195
244,13:16:51.948464612,-82.50,,233,,40.7887947,-8.6718195
245,13:16:51.999265371,-82.50,,234,,40.7887947,-8.6718195
246,13:16:51.50066723,-82.50,,235,,40.7887947,-8.6718195
247,13:16:51.100832742,-82.50,,236,,40.7887947,-8.6718195
248,13:16:51.151866945,-82.50,,237,,40.7887947,-8.6718195
249,13:16:51.202886038,-82.50,,238,,40.7887947,-8.6718195
250,13:16:52.253674130,-82.50,,239,,40.7887947,-8.6718195
251,13:16:52.304424093,-82.50,,240,,40.7887947,-8.6718195
252,13:16:52.355237556,-82.50,,241,,40.7887947,-8.6718195
253,13:16:52.406347871,-82.50,,242,,40.7887947,-8.6718195
254,13:16:52.457265186,-82.50,,243,,40.7887947,-8.6718195
255,13:16:52.508047964,-82.50,,244,,40.7887947,-8.6718195
256,13:16:52.558823778,-82.50,,245,,40.7887947,-8.6718195
257,13:16:52.609676167,-82.50,,246,,40.7887947,-8.6718195
258,13:16:52.660562741,-82.50,,247,,40.7887947,-8.6718195
259,13:16:52.711299982,-82.50,,248,,40.7887947,-8.6718195
260,13:16:52.762063112,-82.00,,249,,40.7887947,-8.6718195
261,13:16:52.812816149,-82.00,,250,,40.7887947,-8.6718195
262,13:16:52.863645426,-82.50,,251,,40.7887947,-8.6718195
263,13:16:52.914361667,-82.00,,252,,40.7887947,-8.6718195
264,13:16:52.965140482,-82.00,,253,,40.7887947,-8.6718195
265,13:16:52.15941871,-82.00,,254,,40.7887947,-8.6718195
266,13:16:52.66733741,-82.50,,255,,40.7887947,-8.6718195
267,13:16:52.117449241,-82.50,,256,,40.7887947,-8.6718195
268,13:16:52.158433204,0.00,,257,,40.7887947,-8.6718195
269,13:16:52.158734204,-82.00,,,,40.7887947,-8.6718195
270,13:16:52.209450722,-82.00,,258,,40.7887947,-8.6718195
271,13:16:53.260159648,-82.50,,259,,40.7887947,-8.6718195
272,13:16:53.310849352,-82.50,,260,,40.7887947,-8.6718195
273,13:16:53.361598889,-82.50,,261,,40.7887947,-8.6718195
274,13:16:53.412631741,-82.00,,262,,40.7887947,-8.6718195
275,13:16:53.463799667,-82.50,,263,,40.7887947,-8.6718195
276,13:16:53.514635148,-82.00,,264,,40.7887947,-8.6718195
277,13:16:53.565454315,-82.00,,265,,40.7887947,-8.6718195
278,13:16:53.616442037,-82.50,,266,,40.7887947,-8.6718195
279,13:16:53.667272981,-82.00,,267,,40.7887947,-8.6718195
280,13:16:53.718326833,-82.50,,268,,40.7887947,-8.6718195
281,13:16:53.769080741,-82.50,,269,,40.7887947,-8.6718195
282,13:16:53.819790666,-82.50,,270,,40.7887947,-8.6718195
283,13:16:53.870624074,-82.00,,271,,40.7887947,-8.6718195
284,13:16:53.921388185,-82.00,,272,,40.7887947,-8.6718195
285,13:16:53.972205296,-82.00,,273,,40.7887947,-8.6718195
286,13:16:53.23076518,-82.00,,274,,40.7887947,-8.6718195
287,13:16:53.73838907,-82.50,,275,,40.7887947,-8.6718195
288,13:16:53.124661018,-82.50,,276,,40.7887947,-8.6718195
289,13:16:53.175466740,-82.50,,277,,40.7887947,-8.6718195
290,13:16:54.226369500,-82.50,,278,,40.7887947,-8.6718195
291,13:16:54.277123796,-82.50,,279,,40.7887947,-8.6718195
292,13:16:54.327868351,-82.00,,280,,40.7887947,-8.6718195
293,13:16:54.378712833,-82.00,,281,,40.7887947,-8.6718195
294,13:16:54.429463388,-82.00,,282,,40.7887947,-8.6718195
295,13:16:54.490297240,-82.50,,283,,40.7887947,-8.6718195
296,13:16:54.541061314,-82.00,,284,,40.7887947,-8.6718195
297,13:16:54.591834240,-82.50,,285,,40.7887947,-8.6718195
298,13:16:54.642680203,-82.50,,286,,40.7887947,-8.6718195
299,13:16:54.683265870,0.00,,287,,40.7887947,-8.6718195
300,13:16:54.683431351,-82.50,,,,40.7887947,-8.6718195
301,13:16:54.734091240,-82.50,,288,,40.7887947,-8.6718195
302,13:16:54.784773610,-82.50,,289,,40.7887947,-8.6718195
303,13:16:54.835393518,-82.50,,290,,40.7887947,-8.6718195
304,13:16:54.886055351,-82.00,,291,,40.7887947,-8.6718195
305,13:16:54.936685647,-82.50,,292,,40.7887947,-8.6718195
306,13:16:54.987313777,-82.50,,293,,40.7887947,-8.6718195
307,13:16:54.38015851,-82.00,,294,,40.7887947,-8.6718195
308,13:16:54.88671536,-82.00,,295,,40.7887947,-8.6718195
309,13:16:54.139367592,-82.50,,296,,40.7887947,-8.6718195
310,13:16:54.190180666,-82.50,,297,,40.7887947,-8.6718195
311,13:16:55.240903851,-82.50,,298,,40.7887947,-8.6718195
312,13:16:55.291613480,-82.50,,299,,40.7887947,-8.6718195
313,13:16:55.342396295,-82.50,,300,,40.7887947,-8.6718195
314,13:16:55.393143795,0.00,,301,,40.7887947,-8.6718195
315,13:16:55.433670610,-82.50,,,,40.7887947,-8.6718195
316,13:16:55.444100962,-82.00,,302,,40.7887947,-8.6718195
317,13:16:55.494815017,-82.50,,303,,40.7887947,-8.6718195
318,13:16:55.545528943,-82.50,,304,,40.7887947,-8.6718195
319,13:16:55.596252276,-82.50,,305,,40.7887947,-8.6718195
320,13:16:55.646984239,-82.50,,306,,40.7887947,-8.6718195
321,13:16:55.697750776,-82.50,,307,,40.7887947,-8.6718195
322,13:16:55.748594943,-82.50,,308,,40.7887947,-8.6718195
323,13:16:55.799283480,-83.00,,309,,40.7887947,-8.6718195
324,13:16:55.850036517,-83.00,,310,,40.7887947,-8.6718195
325,13:16:55.900858739,-82.50,,311,,40.7887947,-8.6718195
326,13:16:55.951631480,-82.50,,312,,40.7887947,-8.6718195
327,13:16:55.2388332,-82.50,,313,,40.7887947,-8.6718195
328,13:16:55.53179073,-82.00,,314,,40.7887947,-8.6718195
329,13:16:55.103975813,-82.00,,315,,40.7887947,-8.6718195
330,13:16:55.154817239,-82.50,,316,,40.7887947,-8.6718195
331,13:16:55.205684332,-82.50,,317,,40.7887947,-8.6718195
332,13:16:56.256469258,-82.50,,318,,40.7887947,-8.6718195
333,13:16:56.307243091,-82.50,,319,,40.7887947,-8.6718195
334,13:16:56.357948572,-82.50,,320,,40.7887947,-8.6718195
335,13:16:56.408698739,0.00,,321,,40.7887947,-8.6718195
336,13:16:56.449226961,-82.50,,,,40.7887947,-8.6718195
337,13:16:56.459619869,-82.50,,322,,40.7887947,-8.6718195
338,13:16:56.510324609,-82.50,,323,,40.7887947,-8.6718195
339,13:16:56.561038017,-82.00,,324,,40.7887947,-8.6718195
340,13:16:56.611762406,-82.00,,325,,40.7887947,-8.6718195
341,13:16:56.662570350,-82.50,,326,,40.7887947,-8.6718195
342,13:16:56.703591146,-82.00,,327,,40.7887947,-8.6718195
343,13:16:56.754336794,-82.50,,328,,40.7887947,-8.6718195
344,13:16:56.804986535,-82.50,,329,,40.7887947,-8.6718195
345,13:16:56.855616276,-83.00,,330,,40.7887947,-8.6718195
346,13:16:56.906266924,-82.50,,331,,40.7887947,-8.6718195
347,13:16:56.956930313,-82.50,,332,,40.7887947,-8.6718195
348,13:16:56.7591442,-82.50,,333,,40.7887947,-8.6718195
349,13:16:56.58217090,-82.00,,334,,40.7887947,-8.6718195
350,13:16:56.108839479,-82.00,,335,,40.7887947,-8.6718195
351,13:16:56.159524572,-82.00,,336,,40.7887947,-8.6718195
352,13:16:56.210284294,-82.00,,337,,40.7887947,-8.6718195
353,13:16:57.261035516,-82.50,,338,,40.7887947,-8.6718195
354,13:16:57.311808164,-82.50,,339,,40.7887947,-8.6718195
355,13:16:57.362496090,-82.50,,340,,40.7887947,-8.6718195
356,13:16:57.413305627,-82.50,,341,,40.7887947,-8.6718195
357,13:16:57.464073794,-82.50,,342,,40.7887947,-8.6718195
358,13:16:57.514771775,-82.00,,343,,40.7887947,-8.6718195
359,13:16:57.565556609,-82.00,,344,,40.7887947,-8.6718195
360,13:16:57.616342016,-82.50,,345,,40.7887947,-8.6718195
361,13:16:57.667074479,-82.50,,346,,40.7887947,-8.6718195
362,13:16:57.717880146,-82.50,,347,,40.7887947,-8.6718195
363,13:16:57.768670738,-82.00,,348,,40.7887947,-8.6718195
364,13:16:57.819364331,-82.50,,349,,40.7887947,-8.6718195
365,13:16:57.870124479,-83.00,,350,,40.7887947,-8.6718195
366,13:16:57.920922368,-82.50,,351,,40.7887947,-8.6718195
367,13:16:57.971710682,-82.50,,352,,40.7887947,-8.6718195
368,13:16:57.22546645,-82.50,,353,,40.7887947,-8.6718195
369,13:16:57.73338071,-82.50,,354,,40.7887947,-8.6718195
370,13:16:57.124092349,-82.50,,355,,40.7887947,-8.6718195
371,13:16:57.174972293,-82.50,,356,,40.7887947,-8.6718195
372,13:16:58.225763460,-82.50,,357,,40.7887947,-8.6718195
373,13:16:58.276528923,-82.00,,358,,40.7887947,-8.6718195
374,13:16:58.327443145,-82.00,,359,,40.7887947,-8.6718195
375,13:16:58.378365219,-82.00,,360,,40.7887947,-8.6718195
376,13:16:58.429115608,-82.50,,361,,40.7887947,-8.6718195
377,13:16:58.479843997,-82.50,,362,,40.7887947,-8.6718195
378,13:16:58.530629478,-82.00,,363,,40.7887947,-8.6718195
379,13:16:58.581457941,-82.00,,364,,40.7887947,-8.6718195
380,13:16:58.632154423,-82.50,,365,,40.7887947,-8.6718195
381,13:16:58.672772552,0.00,,366,,40.7887947,-8.6718195
382,13:16:58.683031719,-82.50,,,,40.7887947,-8.6718195
383,13:16:58.723588386,-82.00,,367,,40.7887947,-8.6718195
384,13:16:58.774212349,-82.00,,368,,40.7887947,-8.6718195
385,13:16:58.824799960,-82.50,,369,,40.7887947,-8.6718195
386,13:16:58.875378960,-82.50,,370,,40.7887947,-8.6718195
387,13:16:58.926045015,-82.00,,371,,40.7887947,-8.6718195
388,13:16:58.976688293,-82.00,,372,,40.7887947,-8.6718195
389,13:16:58.179404904,-82.00,,376,,40.7887947,-8.6718195
390,13:16:59.230124626,-82.00,,377,,40.7887947,-8.6718195
391,13:16:59.280890515,-82.00,,378,,40.7887947,-8.6718195
392,13:16:59.331644645,-82.50,,379,,40.7887947,-8.6718195
393,13:16:59.382439385,-82.50,,380,,40.7887947,-8.6718195
394,13:16:59.534892496,-82.50,,383,,40.7887947,-8.6718195
395,13:16:59.585639589,0.00,,384,,40.7887947,-8.6718195
396,13:16:59.626187330,-82.50,,,,40.7887947,-8.6718195
397,13:16:59.636676737,-82.50,,385,,40.7887947,-8.6718195
398,13:16:59.687446070,-82.50,,386,,40.7887947,-8.6718195
399,13:16:59.738329978,-82.50,,387,,40.7887947,-8.6718195
400,13:16:59.941337904,-82.50,,391,,40.7887947,-8.6718195
401,13:16:59.992622885,-82.50,,392,,40.7887947,-8.6718195
402,13:16:59.43510626,-82.00,,393,,40.7887947,-8.6718195
403,13:16:59.94300237,-82.50,,394,,40.7887947,-8.6718195
404,13:16:59.145150496,-82.00,,395,,40.7887947,-8.6718195
405,13:17:00.297609348,-82.50,,398,,40.7887947,-8.6718195
406,13:17:00.348375885,-82.50,,399,,40.7887947,-8.6718195
407,13:17:00.399136014,-82.50,,400,,40.7887947,-8.6718195
408,13:17:00.449958644,-82.00,,401,,40.7887947,-8.6718195
409,13:17:00.500729477,-82.50,,402,,40.7887947,-8.6718195
410,13:17:00.693407699,-82.00,,406,,40.7887947,-8.6718195
411,13:17:00.744135366,-82.00,,407,,40.7887947,-8.6718195
412,13:17:00.794949996,-82.00,,408,,40.7887947,-8.6718195
413,13:17:00.845582403,-82.50,,409,,40.7887947,-8.6718195
414,13:17:00.896218403,-82.50,,410,,40.7887947,-8.6718195
415,13:17:00.99236736,-82.50,,414,,40.7887947,-8.6718195
416,13:17:00.150128866,-82.00,,415,,40.7887947,-8.6718195
417,13:17:00.200953403,-82.00,,416,,40.7887947,-8.6718195
418,13:17:01.251720236,-82.00,,417,,40.7887947,-8.6718195
419,13:17:01.302494588,-82.00,,418,,40.7887947,-8.6718195
420,13:17:01.455061847,-82.50,,421,,40.7887947,-8.6718195
421,13:17:01.505777662,-82.50,,422,,40.7887947,-8.6718195
422,13:17:01.556540310,-82.50,,423,,40.7887947,-8.6718195
423,13:17:01.607304032,-82.50,,424,,40.7887947,-8.6718195
424,13:17:01.658081791,-82.50,,425,,40.7887947,-8.6718195
425,13:17:01.861219439,-82.50,,429,,40.7887947,-8.6718195
426,13:17:01.912091939,-82.50,,430,,40.7887947,-8.6718195
427,13:17:01.962894680,-82.50,,431,,40.7887947,-8.6718195
428,13:17:01.13701587,-82.50,,432,,40.7887947,-8.6718195
429,13:17:01.64479624,-82.00,,433,,40.7887947,-8.6718195
430,13:17:02.227008402,-82.50,,436,,40.7887947,-8.6718195
431,13:17:02.277772624,-82.00,,437,,40.7887947,-8.6718195
432,13:17:02.328571735,-82.00,,438,,40.7887947,-8.6718195
433,13:17:02.379330698,-82.00,,439,,40.7887947,-8.6718195
434,13:17:02.430097587,-82.00,,440,,40.7887947,-8.6718195
435,13:17:02.622744365,-82.00,,444,,40.7887947,-8.6718195
436,13:17:02.673421328,-82.00,,445,,40.7887947,-8.6718195
437,13:17:02.724190846,-82.50,,446,,40.7887947,-8.6718195
438,13:17:02.774903680,-82.00,,447,,40.7887947,-8.6718195
439,13:17:02.825638791,-82.50,,448,,40.7887947,-8.6718195
440,13:17:02.28513198,-82.50,,452,,40.7887947,-8.6718195
441,13:17:02.79463253,-82.00,,453,,40.7887947,-8.6718195
442,13:17:02.130259772,-82.50,,454,,40.7887947,-8.6718195
443,13:17:02.181069698,-82.50,,455,,40.7887947,-8.6718195
444,13:17:03.231883494,-82.00,,456,,40.7887947,-8.6718195
445,13:17:03.485996364,-82.00,,461,,40.7887947,-8.6718195
446,13:17:03.536733068,-82.50,,462,,40.7887947,-8.6718195
447,13:17:03.587445735,-82.50,,463,,40.7887947,-8.6718195
448,13:17:03.638024049,-83.00,,464,,40.7887947,-8.6718195
449,13:17:03.688435568,-82.50,,465,,40.7887947,-8.6718195
450,13:17:03.738921586,-83.00,,466,,40.7887947,-8.6718195
451,13:17:03.789354142,-82.50,,467,,40.7887947,-8.6718195
452,13:17:03.839765809,-82.50,,468,,40.7887947,-8.6718195
453,13:17:03.890173012,-82.50,,469,,40.7887947,-8.6718195
454,13:17:03.940577346,-82.50,,470,,40.7887947,-8.6718195
455,13:17:03.991016105,-83.00,,471,,40.7887947,-8.6718195
456,13:17:03.41448864,-82.50,,472,,40.7887947,-8.6718195
457,13:17:03.91889383,-82.50,,473,,40.7887947,-8.6718195
458,13:17:03.142348308,-82.50,,474,,40.7887947,-8.6718195
459,13:17:03.192784827,-83.00,,475,,40.7887947,-8.6718195
460,13:17:04.243217494,-82.50,,476,,40.7887947,-8.6718195
461,13:17:04.293622660,-82.50,,477,,40.7887947,-8.6718195
462,13:17:04.344032401,-82.50,,478,,40.7887947,-8.6718195
463,13:17:04.394455049,-82.50,,479,,40.7887947,-8.6718195
464,13:17:04.444859623,-83.00,,480,,40.7887947,-8.6718195
465,13:17:04.495277290,-83.00,,481,,40.7887947,-8.6718195
466,13:17:04.545677290,-83.00,,482,,40.7887947,-8.6718195
467,13:17:04.596121030,-83.00,,483,,40.7887947,-8.6718195
468,13:17:04.646542197,-83.00,,484,,40.7887947,-8.6718195
469,13:17:04.696953012,-83.00,,485,,40.7887947,-8.6718195
470,13:17:04.747440734,-83.00,,486,,40.7887947,-8.6718195
471,13:17:04.797874808,-83.00,,487,,40.7887947,-8.6718195
472,13:17:04.848286660,-83.00,,488,,40.7887947,-8.6718195
473,13:17:04.898694808,-82.50,,489,,40.7887947,-8.6718195
474,13:17:04.949120604,-82.50,,490,,40.7887947,-8.6718195
475,13:17:04.999571308,-82.50,,491,,40.7887947,-8.6718195
476,13:17:04.49987549,-82.50,,492,,40.7887947,-8.6718195
477,13:17:04.100425049,-83.00,,493,,40.7887947,-8.6718195
478,13:17:04.150914419,-82.50,,494,,40.7887947,-8.6718195
479,13:17:04.201358808,-82.50,,495,,40.7887947,-8.6718195
480,13:17:05.251786141,-82.50,,496,,40.7887947,-8.6718195
481,13:17:05.302194234,-82.50,,497,,40.7887947,-8.6718195
482,13:17:05.352601160,-82.50,,498,,40.7887947,-8.6718195
483,13:17:05.403006252,-82.50,,499,,40.7887947,-8.6718195
484,13:17:05.453410345,-82.50,,500,,40.7887947,-8.6718195
485,13:17:05.503847789,-82.50,,501,,40.7887947,-8.6718195
486,13:17:05.554264363,-82.50,,502,,40.7887947,-8.6718195
487,13:17:05.604697030,-82.50,,503,,40.7887947,-8.6718195
488,13:17:05.655104585,-83.00,,504,,40.7887947,-8.6718195
489,13:17:05.705510641,-82.50,,505,,40.7887947,-8.6718195
490,13:17:05.755997956,-82.50,,506,,40.7887947,-8.6718195
491,13:17:05.806444196,-82.50,,507,,40.7887947,-8.6718195
492,13:17:05.856854159,-82.50,,508,,40.7887947,-8.6718195
493,13:17:05.907262437,-82.50,,509,,40.7887947,-8.6718195
494,13:17:05.957683122,-82.50,,510,,40.7887947,-8.6718195
495,13:17:05.8131196,-82.50,,511,,40.7887947,-8.6718195
496,13:17:05.58570437,-82.50,,512,,40.7887947,-8.6718195
497,13:17:05.109025974,-82.50,,513,,40.7887947,-8.6718195
498,13:17:05.159484789,-82.50,,514,,40.7887947,-8.6718195
499,13:17:05.209910159,-82.50,,515,,40.7887947,-8.6718195
